label,variant,status,exact_outputs,expected_outputs,median_prompt_ms,tokens_per_second,screen_speedup_vs_vllm
P1 runner buffers,lossless_safe,ok,8,8,3677.0286245000107,18.009048047460954,0.7769284344636412
P2a packed QKV,p2_packed_qkv,ok,7,8,2720.9687649999805,22.47604974516436,0.9696393776848979
P2b packed gate/up,p2_packed_gate_up,ok,8,8,2927.5908245000155,20.508936181933027,0.8847761213336559
P3 fused RMSNorm/residual,p3_fused_rmsnorm_residual,ok,8,8,3422.491820999994,19.46533826353793,0.8397542581673499
P4 fused QK-Norm/RoPE,p4_fused_qk_rope,ok,7,8,2844.6729500000174,22.99037301609762,0.9918278005621824
P5 fused KV write,p5_fused_kv_write,ok,8,8,3879.6665099999927,17.50589359901688,0.755221845814821
P6 native GQA attention,p6_fused_gqa_attention,ok,8,8,2981.981778999966,21.310946015832204,0.9193756317038658
P7 fused SwiGLU,p7_fused_swiglu,ok,7,8,4015.5251484999894,16.241862217483543,0.7006902614812411
P8 fused LM-head argmax,p8_fused_lm_head_argmax,ok,7,8,2841.920313000003,22.12349314776284,0.9544297317026602
P9 torch.compile,p9_compile,ok,8,8,2280.1425349999818,28.025333810528156,1.2090410700972283
P10 manual CUDA graph,p10_manual_cudagraph,ok,8,8,2617.6721165001027,24.401393016544066,1.0527006216604804
